,name,team,rating,position,pace,acceleration,sprint_speed,shooting,positioning,finishing,long_shot,penalties,shot_power,volleys,passing,crossing,curve,freekick_accuracy,longpass,shortpass,vision,dribbling,agility,balance,ball_control,reactions,composure,defending,heading_accuracy,interceptions,marking,stand_tackle,slide_tackle,physicality,aggression,jumping,stamina,strength,saves,penalties saved,punches,high claims,catches,sweeper clearances,throw outs,goal kicks,clean sheets,goals conceded,errors leading to goal,own goals,yellow cards,red cards,fouls,goals,assists,passes,passes per match,accurate long balls
0,De Gea,Manchester United,91,GK,58,57,58,18,12,13,12,40,31,13,44,17,21,19,51,50,68,34,60,43,42,90,64,20,21,30,13,21,13,53,38,67,40,64,115.0,0.0,6.0,12.0,10.0,6.0,147.0,290.0,18.0,28.0,0.0,0.0,0.0,0.0,0.0,0.0,0.0,942.0,25.46,260.0
1,Thibaut Courtois,Chelsea,89,GK,49,46,52,20,13,14,17,27,36,12,30,14,19,20,35,33,44,26,61,45,23,80,52,15,13,15,11,18,16,53,23,68,38,70,76.0,0.0,9.0,24.0,9.0,12.0,214.0,248.0,15.0,34.0,0.0,0.0,2.0,0.0,2.0,0.0,0.0,983.0,28.09,188.0
2,Hugo Lloris,Tottenham Hotspur,88,GK,63,65,62,15,10,10,14,40,23,11,35,13,11,10,50,50,30,28,55,54,34,84,61,15,10,27,12,10,18,42,31,74,41,43,86.0,0.0,20.0,17.0,9.0,37.0,169.0,227.0,15.0,35.0,5.0,0.0,1.0,0.0,1.0,0.0,0.0,996.0,27.67,217.0
3,Ederson,Manchester City,85,GK,63,64,63,21,20,14,18,17,42,18,47,20,15,20,55,56,67,35,60,48,37,86,58,14,14,25,9,15,8,54,35,58,41,68,58.0,2.0,14.0,15.0,5.0,40.0,167.0,160.0,16.0,26.0,2.0,0.0,1.0,0.0,0.0,0.0,0.0,928.0,25.78,147.0
4,Petr Cech,Arsenal,84,GK,37,35,38,14,13,12,11,23,21,17,33,19,13,19,33,35,53,23,49,34,22,81,70,15,19,23,11,13,12,46,17,51,32,65,91.0,1.0,20.0,31.0,6.0,22.0,223.0,225.0,11.0,48.0,6.0,0.0,1.0,0.0,0.0,0.0,0.0,811.0,23.85,184.0
5,Kasper Schmeichel,Leicester City,82,GK,60,60,60,18,13,12,14,26,36,15,39,18,13,15,46,44,59,31,62,47,40,80,52,15,16,20,14,14,13,51,35,60,34,64,93.0,2.0,20.0,25.0,7.0,25.0,107.0,273.0,8.0,47.0,2.0,1.0,3.0,0.0,0.0,0.0,0.0,1032.0,31.27,331.0
6,Jack Butland,Stoke City,81,GK,56,58,55,19,16,16,13,42,29,12,30,11,12,14,30,40,40,33,55,50,36,73,59,16,12,27,16,13,11,61,40,76,40,79,144.0,0.0,14.0,20.0,18.0,27.0,103.0,338.0,6.0,61.0,1.0,1.0,0.0,0.0,0.0,0.0,0.0,1169.0,33.4,403.0
7,Tom Heaton,Burnley,81,GK,54,56,53,13,12,12,12,24,14,12,31,17,15,13,37,32,46,29,54,52,28,74,56,17,16,24,15,15,13,53,31,73,40,66,8.0,0.0,1.0,1.0,1.0,0.0,22.0,32.0,0.0,4.0,0.0,0.0,0.0,0.0,0.0,0.0,0.0,94.0,23.5,34.0
8,Asmir Begovic, Bournemouth,80,GK,55,52,58,17,11,12,12,40,28,12,25,14,17,15,32,26,34,26,52,40,24,75,62,14,12,21,13,11,12,59,42,38,36,80,111.0,1.0,20.0,31.0,17.0,11.0,215.0,328.0,6.0,61.0,5.0,0.0,2.0,0.0,2.0,0.0,0.0,945.0,24.87,246.0
9,Lukasz Fabianski,Swansea City,80,GK,48,50,47,15,15,13,20,22,14,17,27,14,18,12,32,20,52,25,52,44,22,71,63,13,11,16,11,12,13,51,43,68,25,65,137.0,3.0,15.0,39.0,23.0,10.0,159.0,358.0,9.0,56.0,0.0,0.0,0.0,0.0,1.0,0.0,0.0,1113.0,29.29,340.0
10,Loris Karius,Liverpool,80,GK,53,55,52,17,8,18,16,19,20,14,32,14,12,14,38,36,48,26,51,43,23,77,34,13,14,13,13,11,13,45,21,74,36,57,31.0,1.0,11.0,9.0,3.0,13.0,106.0,103.0,10.0,14.0,0.0,0.0,1.0,0.0,2.0,0.0,0.0,521.0,27.42,77.0
11,Sergio Romero,Manchester United,80,GK,45,47,44,14,11,14,11,16,14,17,35,11,12,13,48,39,55,29,52,44,40,78,63,14,12,21,14,11,15,56,33,63,35,75,3.0,0.0,0.0,0.0,1.0,0.0,5.0,7.0,1.0,0.0,0.0,0.0,0.0,0.0,0.0,0.0,0.0,20.0,20.0,6.0
12,Simon Mignolet,Liverpool,80,GK,52,52,52,21,14,11,16,41,45,16,30,11,16,12,34,37,43,25,34,52,26,76,66,16,16,21,13,14,16,54,34,69,31,72,36.0,1.0,8.0,14.0,6.0,12.0,102.0,101.0,7.0,24.0,2.0,0.0,3.0,0.0,2.0,0.0,0.0,498.0,26.21,82.0
13,Jordan Pickford,Everton,80,GK,45,50,41,21,18,19,13,41,31,20,45,17,18,16,54,53,68,30,50,50,38,79,51,18,15,24,14,20,12,47,25,66,44,56,121.0,1.0,22.0,17.0,11.0,16.0,162.0,340.0,10.0,58.0,2.0,0.0,0.0,0.0,1.0,0.0,0.0,1162.0,30.58,336.0
14,Claudio Bravo,Manchester City,80,GK,56,58,54,16,16,13,17,23,22,11,47,12,25,38,54,56,69,36,63,62,41,75,60,17,18,23,11,18,19,57,40,81,41,69,4.0,0.0,0.0,2.0,2.0,2.0,16.0,10.0,1.0,1.0,0.0,0.0,0.0,0.0,0.0,0.0,0.0,55.0,18.33,10.0
15,Orestis Karnezis,Watford,80,GK,39,44,34,17,10,16,18,21,22,14,27,19,11,11,36,22,47,25,45,49,23,76,22,18,24,23,13,15,24,48,18,64,33,66,34.0,0.0,4.0,7.0,0.0,5.0,31.0,81.0,4.0,24.0,2.0,0.0,0.0,0.0,0.0,0.0,0.0,373.0,24.87,131.0
16,Willy Caballero,Chelsea,79,GK,45,43,46,14,7,11,14,16,23,13,32,12,23,11,48,33,47,25,39,55,30,76,56,15,22,19,15,11,12,53,30,70,37,69,7.0,0.0,2.0,1.0,0.0,1.0,12.0,15.0,1.0,4.0,0.0,0.0,0.0,0.0,0.0,0.0,0.0,88.0,29.33,17.0
17,Mathew Ryan,Brighton and Hove Albion,78,GK,52,53,52,18,10,11,18,25,35,15,41,23,23,12,45,40,68,25,53,50,24,73,56,19,14,23,16,20,17,54,36,78,34,68,124.0,2.0,13.0,35.0,8.0,5.0,122.0,352.0,10.0,54.0,2.0,0.0,0.0,0.0,0.0,0.0,0.0,1053.0,27.71,364.0
18,David Ospina,Arsenal,78,GK,34,34,34,17,16,10,12,26,35,12,29,11,10,13,32,36,40,26,44,50,32,70,29,15,15,25,10,13,12,34,20,75,29,38,9.0,0.0,4.0,5.0,1.0,1.0,27.0,28.0,2.0,3.0,0.0,0.0,0.0,0.0,0.0,0.0,0.0,117.0,23.4,22.0
19,Adrian,West Ham United,78,GK,45,46,44,23,12,16,20,44,40,12,22,12,12,17,32,21,32,26,53,48,23,71,36,18,15,25,14,19,14,50,38,69,38,59,69.0,0.0,6.0,9.0,2.0,15.0,47.0,184.0,6.0,29.0,0.0,0.0,2.0,0.0,1.0,0.0,0.0,520.0,27.37,174.0
20,Nick Pope,Burnley,78,GK,48,50,47,15,13,14,15,22,17,14,29,11,13,12,35,32,43,24,36,45,24,66,37,16,11,21,15,15,14,57,36,72,37,73,114.0,1.0,18.0,52.0,12.0,26.0,118.0,297.0,11.0,35.0,0.0,0.0,3.0,0.0,1.0,0.0,0.0,1099.0,31.4,362.0
21,Michel Vorm,Tottenham Hotspur,78,GK,55,54,56,18,10,14,19,41,23,12,29,13,12,14,35,39,32,32,63,53,35,80,65,17,17,28,15,11,14,50,23,73,38,65,4.0,0.0,0.0,0.0,0.0,0.0,2.0,9.0,0.0,1.0,0.0,0.0,0.0,0.0,0.0,0.0,0.0,24.0,24.0,2.0
22,Ben Foster,West Bromwich Albion,78,GK,49,50,48,20,14,18,14,41,27,14,30,15,15,17,32,36,42,25,45,50,25,71,67,16,14,23,15,15,14,43,15,75,32,57,100.0,0.0,5.0,34.0,11.0,16.0,70.0,338.0,10.0,55.0,0.0,0.0,2.0,0.0,1.0,0.0,0.0,1079.0,29.16,367.0
23,Joe Hart,West Ham United,78,GK,58,56,60,21,14,14,19,30,40,19,29,14,17,13,35,32,42,28,50,32,20,72,68,16,10,25,14,14,13,47,31,69,28,61,53.0,1.0,13.0,3.0,5.0,7.0,52.0,155.0,4.0,39.0,4.0,0.0,0.0,0.0,1.0,0.0,1.0,544.0,28.63,185.0
24,Fraser Forster,Southampton,76,GK,34,32,35,18,13,13,12,22,36,19,26,19,10,19,19,27,44,29,32,42,33,70,34,15,13,22,13,13,12,59,43,59,29,80,68.0,1.0,2.0,8.0,6.0,3.0,62.0,146.0,4.0,30.0,2.0,0.0,0.0,0.0,0.0,0.0,0.0,444.0,22.2,105.0
25,Alex McCarthy,Southampton,76,GK,57,58,56,18,16,17,14,41,20,12,31,11,15,18,35,33,50,23,35,43,17,69,63,15,16,22,13,13,12,51,35,68,35,63,42.0,0.0,11.0,18.0,2.0,2.0,56.0,158.0,4.0,26.0,0.0,0.0,2.0,0.0,0.0,0.0,0.0,406.0,22.56,106.0
26,Jonas Lossl,Huddersfield Town,75,GK,32,29,34,14,10,12,15,12,22,11,33,14,14,13,39,35,53,22,32,30,19,72,30,15,17,20,12,13,15,46,17,51,25,67,103.0,2.0,24.0,26.0,5.0,25.0,103.0,304.0,10.0,58.0,3.0,1.0,1.0,0.0,0.0,0.0,1.0,1284.0,33.79,420.0
27,Martin Dubravka,Newcastle United,75,GK,43,45,41,14,10,10,17,20,22,11,37,12,15,13,43,47,52,26,40,60,28,67,36,16,12,21,16,15,14,49,26,68,40,60,26.0,1.0,6.0,12.0,1.0,7.0,32.0,93.0,4.0,11.0,1.0,0.0,0.0,0.0,0.0,0.0,0.0,316.0,26.33,72.0
28,Lee Grant,Stoke City,74,GK,49,52,46,19,14,17,19,20,24,15,37,19,17,19,40,43,50,28,56,56,34,69,59,16,14,26,12,13,19,57,42,73,39,71,8.0,0.0,0.0,1.0,2.0,1.0,14.0,23.0,0.0,7.0,0.0,0.0,0.0,0.0,0.0,0.0,0.0,78.0,26.0,27.0
29,Wayne Hennessey,Crystal Palace,73,GK,41,40,41,16,14,12,10,17,34,10,21,11,12,11,13,12,58,18,48,51,12,58,48,17,14,22,15,18,13,48,21,41,29,68,91.0,0.0,10.0,26.0,5.0,17.0,92.0,227.0,7.0,41.0,0.0,0.0,1.0,0.0,0.0,0.0,0.0,689.0,25.52,229.0
30,Boaz Myhill,West Bromwich Albion,73,GK,44,41,46,16,13,11,12,42,27,11,30,11,13,12,32,39,40,29,51,48,35,66,46,15,13,25,13,11,16,47,21,72,29,63,2.0,0.0,0.0,3.0,0.0,0.0,0.0,7.0,0.0,1.0,0.0,0.0,1.0,0.0,1.0,0.0,0.0,19.0,19.0,8.0
31,Karl Darlow,Newcastle United,72,GK,55,59,52,14,18,14,11,19,13,15,27,12,19,16,28,32,36,27,63,64,27,65,24,15,12,25,15,11,12,46,13,67,44,58,35.0,0.0,3.0,9.0,3.0,1.0,37.0,87.0,2.0,15.0,1.0,1.0,0.0,0.0,0.0,0.0,0.0,297.0,29.7,82.0
32,Julian Speroni,Crystal Palace,72,GK,43,42,43,14,8,13,12,22,20,12,23,13,15,12,23,24,34,21,48,55,14,70,35,13,11,17,12,12,15,38,21,74,33,43,31.0,0.0,1.0,6.0,3.0,2.0,18.0,89.0,2.0,14.0,0.0,0.0,0.0,0.0,0.0,0.0,0.0,294.0,26.73,87.0
33,Eldin Jakupovic,Leicester City,72,GK,47,46,47,15,11,12,11,22,25,22,33,11,11,14,34,39,52,21,38,45,22,59,67,15,12,24,13,12,11,51,45,66,31,62,8.0,0.0,1.0,0.0,2.0,3.0,12.0,14.0,0.0,6.0,0.0,0.0,0.0,0.0,0.0,0.0,0.0,43.0,21.5,17.0
34,Rob Elliot,Newcastle United,72,GK,48,47,48,13,12,11,12,43,11,13,26,16,16,12,31,28,35,25,54,42,22,67,38,15,13,22,15,12,15,49,12,52,32,71,44.0,1.0,9.0,13.0,4.0,10.0,46.0,159.0,3.0,21.0,0.0,0.0,0.0,0.0,0.0,0.0,0.0,491.0,30.69,167.0
35,Paulo Gazzaniga,Tottenham Hotspur,70,GK,64,63,65,22,13,12,19,41,49,8,36,21,33,21,49,32,52,28,64,49,20,59,49,17,14,16,18,20,11,54,32,66,45,67,3.0,0.0,1.0,2.0,0.0,2.0,3.0,8.0,1.0,0.0,0.0,0.0,0.0,0.0,0.0,0.0,0.0,22.0,22.0,7.0
36,Ben Hamer,Leicester City,68,GK,45,45,45,20,13,20,18,22,23,14,24,11,13,12,30,25,38,27,50,56,23,63,56,14,11,23,12,12,12,50,34,54,35,64,6.0,0.0,2.0,0.0,0.0,2.0,15.0,20.0,1.0,7.0,0.0,0.0,0.0,0.0,0.0,0.0,0.0,71.0,17.75,19.0
